NombreEtiqueta;Actualizado;Fecha;foto;cuadricula;Operador;long;lat
A1,A,B;Si;19/09/2024;DCIM/etiquetasarboles_20240919110719010.jpg;Sector der;Operador1;-72,51852333;7,941855556
A2,A;Si;19/09/2024;DCIM/etiquetasarboles_20240919110816173.jpg;Sector der;Operador1;-72,51851806;7,941855
A3;Si;19/09/2024;DCIM/etiquetasarboles_20240919110853216.jpg;Sector der;Operador1;-72,5185475;7,941836389
A4,A,B,C;Si;19/09/2024;DCIM/etiquetasarboles_20240919112930466.jpg;Sector iz;Operador1;-72,51986667;7,9412425
A5;Si;19/09/2024;DCIM/etiquetasarboles_20240919113302134.jpg;Sector iz;Operador1;-72,5199125;7,941234722
A6;Si;19/09/2024;DCIM/etiquetasarboles_20240919115600873.jpg;Sector iz;Operador1;-72,51866722;7,9362375
A7,A,B,C;Si;19/09/2024;DCIM/etiquetasarboles_20240919120350990.jpg;Sector iz;Operador1;-72,51839778;7,935780833
A8;Si;19/09/2024;DCIM/etiquetasarboles_20240919121145538.jpg;Sector iz;Operador1;-72,51802694;7,935390278
A9;Si;19/09/2024;DCIM/etiquetasarboles_20240919121243486.jpg;Sector iz;Operador1;-72,51803861;7,935360833
A10;Si;19/09/2024;DCIM/etiquetasarboles_20240919121329440.jpg;Sector iz;Operador1;-72,51808222;7,935341111
A11;Si;19/09/2024;DCIM/etiquetasarboles_20240919121426931.jpg;Sector iz;Operador1;-72,51798639;7,935285556
A12,A;Si;19/09/2024;DCIM/etiquetasarboles_20240919122239042.jpg;Sector iz;Operador1;-72,51784889;7,935342778
A13,A;Si;19/09/2024;DCIM/etiquetasarboles_20240919122337049.jpg;Sector iz;Operador1;-72,51781556;7,935340833
A14,A,B;Si;19/09/2024;DCIM/etiquetasarboles_20240919123038782.jpg;Sector iz;Operador1;-72,51782667;7,935242222
A15,;Si;19/09/2024;DCIM/etiquetasarboles_20240919123207181.jpg;Sector iz;Operador1;-72,51789222;7,935204444
A16,A;Si;19/09/2024;DCIM/etiquetasarboles_20240919124154702.jpg;Sector iz;Operador1;-72,51783944;7,935061944
A17;Si;19/09/2024;DCIM/etiquetasarboles_20240919134804989.jpg;Sector iz;Operador1;-72,51755306;7,934750278
A18;Si;19/09/2024;DCIM/etiquetasarboles_20240919135300849.jpg;Sector iz;Operador1;-72,51743833;7,934535833
A19;Si;19/09/2024;DCIM/etiquetasarboles_20240919135724979.jpg;Sector iz;Operador1;-72,51744;7,934481389
A20;Si;19/09/2024;DCIM/etiquetasarboles_20240919140057527.jpg;Sector iz;Operador1;-72,51740361;7,934483333
A21;Si;19/09/2024;DCIM/etiquetasarboles_20240919140320563.jpg;Sector iz;Operador1;-72,51730639;7,934546389
A22;Si;19/09/2024;DCIM/etiquetasarboles_20240919141201843.jpg;Sector iz;Operador1;-72,51731694;7,934581111
A23;Si;19/09/2024;DCIM/etiquetasarboles_20240919142115817.jpg;Sector iz;Operador1;-72,5171725;7,934188333
A24,A,B,C;Si;19/09/2024;DCIM/etiquetasarboles_20240919142213259.jpg;Sector iz;Operador1;-72,51715778;7,934156111
A25;Si;19/09/2024;DCIM/etiquetasarboles_20240919142537456.jpg;Sector iz;Operador1;-72,5171375;7,934153611
A26,A;Si;19/09/2024;DCIM/etiquetasarboles_20240919142752721.jpg;Sector iz;Operador1;-72,51706972;7,934236944
A27,A,B,C,D,E;Si;19/09/2024;DCIM/etiquetasarboles_20240919143949707.jpg;Sector iz;Operador1;-72,51646278;7,934042222
A28,A,B,C,D,E;Si;19/09/2024;DCIM/etiquetasarboles_20240919145523841.jpg;Sector iz;Operador1;-72,51683806;7,933820556
A29,A;Si;19/09/2024;DCIM/etiquetasarboles_20240919151219490.jpg;Sector iz;Operador1;-72,51700694;7,933622778
A30;Si;19/09/2024;DCIM/etiquetasarboles_20240919151436454.jpg;Sector iz;Operador1;-72,51673222;7,933399167
A31;Si;19/09/2024;DCIM/etiquetasarboles_20240919151712221.jpg;Sector iz;Operador1;-72,51673111;7,933363889
A32;Si;19/09/2024;DCIM/etiquetasarboles_20240919151934648.jpg;Sector iz;Operador1;-72,51664667;7,933361667
A33,A;Si;20/09/2024;DCIM/etiquetasarboles_20240920103842267.jpg;Sector iz;Operador1;-72,51668111;7,932989722
A34, A,B,C;Si;20/09/2024;DCIM/etiquetasarboles_20240920104740833.jpg;Sector iz;Operador1;-72,51599528;7,932588056
A35;Si;20/09/2024;DCIM/etiquetasarboles_20240920105608598.jpg;Sector iz;Operador1;-72,51619472;7,932421944
A36,A,B,C;Si;20/09/2024;DCIM/etiquetasarboles_20240920110252668.jpg;Sector iz;Operador1;-72,51635222;7,932395833
A36;Si;20/09/2024;DCIM/etiquetasarboles_20240920110440020.jpg;Sector iz;Operador1;-72,51632889;7,932401667
A38,A;Si;20/09/2024;DCIM/etiquetasarboles_20240920110847493.jpg;Sector iz;Operador1;-72,51649083;7,932225556
A40,A;Si;20/09/2024;DCIM/etiquetasarboles_20240920111538108.jpg;Sector iz;Operador1;-72,51652472;7,932193333
A39,A,B;Si;20/09/2024;DCIM/etiquetasarboles_20240920111821750.jpg;Sector iz;Operador1;-72,51649611;7,9321775
A41,A,B;Si;20/09/2024;DCIM/etiquetasarboles_20240920112708078.jpg;Sector iz;Operador1;-72,51618639;7,932299722
A42;Si;20/09/2024;DCIM/etiquetasarboles_20240920113433006.jpg;Sector iz;Operador1;-72,51599028;7,932409722
A43;Si;20/09/2024;DCIM/etiquetasarboles_20240920114130872.jpg;Sector iz;Operador1;-72,51587083;7,932401111
A44;Si;20/09/2024;DCIM/etiquetasarboles_20240920120908252.jpg;Sector iz;Operador1;-72,51645;7,932082778
A45,A;Si;20/09/2024;DCIM/etiquetasarboles_20240920121210754.jpg;Sector iz;Operador1;-72,51641139;7,932108056
A46;Si;20/09/2024;DCIM/etiquetasarboles_20240920121814452.jpg;Sector iz;Operador1;-72,51629778;7,932001944
A47,A,B;Si;20/09/2024;DCIM/etiquetasarboles_20240920121900422.jpg;Sector iz;Operador1;-72,51631639;7,931986389
A48,A,B,C,D;Si;20/09/2024;DCIM/etiquetasarboles_20240920122903126.jpg;Sector iz;Operador1;-72,51628583;7,931711389
A49;Si;20/09/2024;DCIM/etiquetasarboles_20240920123527975.jpg;Sector iz;Operador1;-72,51626111;7,931889722
A50;Si;20/09/2024;DCIM/etiquetasarboles_20240920123708989.jpg;Sector iz;Operador1;-72,51624333;7,931909722
A51;Si;20/09/2024;DCIM/etiquetasarboles_20240920125850250.jpg;Sector iz;Operador1;-72,51604111;7,932048889
A52;Si;20/09/2024;DCIM/etiquetasarboles_20240920130102830.jpg;Sector iz;Operador1;-72,51575639;7,932170278
A53;Si;20/09/2024;DCIM/etiquetasarboles_20240920130201093.jpg;Sector iz;Operador1;-72,51574417;7,932118056
A54;Si;20/09/2024;DCIM/etiquetasarboles_20240920130425249.jpg;Sector iz;Operador1;-72,51573722;7,932078889
A55,A,B;Si;20/09/2024;DCIM/etiquetasarboles_20240920140016528.jpg;Sector iz;Operador1;-72,51584444;7,93196
A56,A;Si;20/09/2024;DCIM/etiquetasarboles_20240920140518241.jpg;Sector iz;Operador1;-72,51586028;7,932012222
A57,A;Si;20/09/2024;DCIM/etiquetasarboles_20240920141138319.jpg;Sector iz;Operador1;-72,5160025;7,932037778
A58,A;Si;20/09/2024;DCIM/etiquetasarboles_20240920141956854.jpg;Sector iz;Operador1;-72,51568417;7,931958333
A59;Si;20/09/2024;DCIM/etiquetasarboles_20240920142526765.jpg;Sector iz;Operador1;-72,51563333;7,932100278
A60,A,B;Si;20/09/2024;DCIM/etiquetasarboles_20240920142855952.jpg;Sector iz;Operador1;-72,51556417;7,931805833
A61,A,B;Si;20/09/2024;DCIM/etiquetasarboles_20240920143243445.jpg;Sector iz;Operador1;-72,51541667;7,931729444
A62;Si;20/09/2024;DCIM/etiquetasarboles_20240920143522316.jpg;Sector iz;Operador1;-72,51540806;7,931710556
A62;Si;23/09/2024;DCIM/etiquetasarboles_20240923092235271.jpg;Sector iz;Operador1;-72,51541083;7,93168
A63;Si;23/09/2024;DCIM/etiquetasarboles_20240923092332798.jpg;Sector iz;Operador1;-72,51528194;7,93164
A64,A,B;Si;23/09/2024;DCIM/etiquetasarboles_20240923092431747.jpg;Sector iz;Operador1;-72,515235;7,931596667
A65,A;Si;23/09/2024;DCIM/etiquetasarboles_20240923092515595.jpg;Sector iz;Operador1;-72,51526194;7,9315725
A66;Si;23/09/2024;DCIM/etiquetasarboles_20240923092602078.jpg;Sector iz;Operador1;-72,5153975;7,931502778
A67,A,;Si;23/09/2024;DCIM/etiquetasarboles_20240923092930721.jpg;Sector iz;Operador1;-72,51570556;7,931345
A68;Si;23/09/2024;DCIM/etiquetasarboles_20240923093010141.jpg;Sector iz;Operador1;-72,51570222;7,931400278
A69,A,B,C,D,E,F;Si;23/09/2024;DCIM/etiquetasarboles_20240923093113642.jpg;Sector iz;Operador1;-72,51570972;7,931413056
A70;Si;23/09/2024;DCIM/etiquetasarboles_20240923093141958.jpg;Sector iz;Operador1;-72,51571806;7,931431944
A71,A,B,C;Si;23/09/2024;DCIM/etiquetasarboles_20240923093216984.jpg;Sector iz;Operador1;-72,5157025;7,931400556
A72,A,B;Si;23/09/2024;DCIM/etiquetasarboles_20240923093306793.jpg;Sector iz;Operador1;-72,51572639;7,931395556
A74;Si;23/09/2024;DCIM/etiquetasarboles_20240923093426447.jpg;Sector iz;Operador1;-72,51568639;7,931408056
A73;Si;23/09/2024;DCIM/etiquetasarboles_20240923093536949.jpg;Sector iz;Operador1;-72,51569389;7,931435278
A75;Si;23/09/2024;DCIM/etiquetasarboles_20240923093610185.jpg;Sector iz;Operador1;-72,51572111;7,931409722
A76,A,B,C,D,E,F;Si;23/09/2024;DCIM/etiquetasarboles_20240923094259477.jpg;Sector iz;Operador1;-72,51583472;7,931393056
A77;Si;23/09/2024;DCIM/etiquetasarboles_20240923095451566.jpg;Sector iz;Operador1;-72,5158975;7,931389167
A78;Si;23/09/2024;DCIM/etiquetasarboles_20240923095617399.jpg;Sector iz;Operador1;-72,51593;7,931400833
A78,A;Si;23/09/2024;DCIM/etiquetasarboles_20240923100322446.jpg;Sector iz;Operador1;-72,51595667;7,931394167
A79,A,B,C;Si;23/09/2024;DCIM/etiquetasarboles_20240923100429186.jpg;Sector iz;Operador1;-72,51595333;7,931395278
A80.A,B;Si;23/09/2024;DCIM/etiquetasarboles_20240923100457574.jpg;Sector iz;Operador1;-72,51595083;7,931378889
A81,A,B;Si;23/09/2024;DCIM/etiquetasarboles_20240923100800354.jpg;Sector iz;Operador1;-72,51594222;7,931403333
A82,A,B;Si;23/09/2024;DCIM/etiquetasarboles_20240923102335987.jpg;Sector iz;Operador1;-72,51638889;7,931470556
A83,A;Si;23/09/2024;DCIM/etiquetasarboles_20240923103050874.jpg;Sector iz;Operador1;-72,51640361;7,931466667
A82,A,B,C,D;Si;23/09/2024;DCIM/etiquetasarboles_20240923103214974.jpg;Sector iz;Operador1;-72,5163925;7,931458611
A84,A;Si;23/09/2024;DCIM/etiquetasarboles_20240923103320096.jpg;Sector iz;Operador1;-72,5164075;7,931481389
A85,A;Si;23/09/2024;DCIM/etiquetasarboles_20240923103624713.jpg;Sector iz;Operador1;-72,51638389;7,931437222
A86,A,B;Si;23/09/2024;DCIM/etiquetasarboles_20240923103706677.jpg;Sector iz;Operador1;-72,51640917;7,931450278
A87,A,B,C;Si;23/09/2024;DCIM/etiquetasarboles_20240923104440182.jpg;Sector iz;Operador1;-72,51638667;7,93139
88A,B,C;Si;23/09/2024;DCIM/etiquetasarboles_20240923111532268.jpg;Sector iz;Operador1;-72,51562806;7,931180278
A89,A,B,C,D,E,F;Si;23/09/2024;DCIM/etiquetasarboles_20240923111656970.jpg;Sector iz;Operador1;-72,51557889;7,931105556
A90,A,B,C,D;Si;23/09/2024;DCIM/etiquetasarboles_20240923112010775.jpg;Sector iz;Operador1;-72,51561722;7,931062778
A91;Si;23/09/2024;DCIM/etiquetasarboles_20240923112512424.jpg;Sector iz;Operador1;-72,51548361;7,930999167
A92,A,B,C,D;Si;23/09/2024;DCIM/etiquetasarboles_20240923113649710.jpg;Sector iz;Operador1;-72,51548417;7,930929722
A93,A;Si;23/09/2024;DCIM/etiquetasarboles_20240923113741106.jpg;Sector iz;Operador1;-72,5154975;7,930939722
A94,A;Si;23/09/2024;DCIM/etiquetasarboles_20240923114430773.jpg;Sector iz;Operador1;-72,51546;7,930896667
A96,A,B,C,D,E,F;Si;23/09/2024;DCIM/etiquetasarboles_20240923114608979.jpg;Sector iz;Operador1;-72,51547028;7,930891667
A95;Si;23/09/2024;DCIM/etiquetasarboles_20240923114704010.jpg;Sector iz;Operador1;-72,51543694;7,930895833
A97;Si;23/09/2024;DCIM/etiquetasarboles_20240923115041811.jpg;Sector iz;Operador1;-72,51527611;7,930955278
A98,A,B;Si;23/09/2024;DCIM/etiquetasarboles_20240923115537399.jpg;Sector iz;Operador1;-72,51525417;7,931035278
A99;Si;23/09/2024;DCIM/etiquetasarboles_20240923115706713.jpg;Sector iz;Operador1;-72,5152425;7,931015556
A100,A;Si;23/09/2024;DCIM/etiquetasarboles_20240923120017054.jpg;Sector iz;Operador1;-72,5152275;7,931022222
A101;Si;23/09/2024;DCIM/etiquetasarboles_20240923120623244.jpg;Sector iz;Operador1;-72,5151975;7,930989444
A102,A;Si;23/09/2024;DCIM/etiquetasarboles_20240923121012627.jpg;Sector iz;Operador1;-72,51508;7,930968889
A103;Si;23/09/2024;DCIM/etiquetasarboles_20240923121249009.jpg;Sector iz;Operador1;-72,51512917;7,931020556
A104;Si;23/09/2024;DCIM/etiquetasarboles_20240923121510715.jpg;Sector iz;Operador1;-72,51516944;7,9310475
A105;Si;23/09/2024;DCIM/etiquetasarboles_20240923121752614.jpg;Sector iz;Operador1;-72,51497194;7,931232778
A106;Si;23/09/2024;DCIM/etiquetasarboles_20240923122117062.jpg;Sector iz;Operador1;-72,51502944;7,931243333
A107;Si;23/09/2024;DCIM/etiquetasarboles_20240923131827934.jpg;Sector iz;Operador1;-72,51509361;7,931211389
A108,A,B,C,D;Si;23/09/2024;DCIM/etiquetasarboles_20240923131912388.jpg;Sector iz;Operador1;-72,51511;7,931222778
A109,A,B;Si;23/09/2024;DCIM/etiquetasarboles_20240923132220080.jpg;Sector iz;Operador1;-72,51512278;7,931191111
A110,A;Si;23/09/2024;DCIM/etiquetasarboles_20240923132413863.jpg;Sector iz;Operador1;-72,5151175;7,931195833
A110,A,B,C,D;Si;23/09/2024;DCIM/etiquetasarboles_20240923133948348.jpg;Sector iz;Operador1;-72,51621333;7,931016389
A111,A;Si;23/09/2024;DCIM/etiquetasarboles_20240923135101451.jpg;Sector iz;Operador1;-72,51583806;7,930116111
A112;Si;23/09/2024;DCIM/etiquetasarboles_20240923135505015.jpg;Sector iz;Operador1;-72,51555889;7,9300325
A113;Si;23/09/2024;DCIM/etiquetasarboles_20240923135718761.jpg;Sector iz;Operador1;-72,51552944;7,929951389
A114;Si;23/09/2024;DCIM/etiquetasarboles_20240923135905483.jpg;Sector iz;Operador1;-72,51550028;7,929906667
A115,A.B,C;Si;23/09/2024;DCIM/etiquetasarboles_20240923140816401.jpg;Sector iz;Operador1;-72,51531639;7,930380278
A116;Si;23/09/2024;DCIM/etiquetasarboles_20240923141239613.jpg;Sector iz;Operador1;-72,51524;7,930399167
A117;Si;23/09/2024;DCIM/etiquetasarboles_20240923141611793.jpg;Sector iz;Operador1;-72,51532139;7,930443889
A118;Si;25/09/2024;DCIM/etiquetasarboles_20240925101140371.jpg;Sector iz;Operador1;-72,51539528;7,930439167
A119;Si;25/09/2024;DCIM/etiquetasarboles_20240925101422627.jpg;Sector iz;Operador1;-72,5154275;7,930466389
A120;Si;25/09/2024;DCIM/etiquetasarboles_20240925101921680.jpg;Sector iz;Operador1;-72,51544;7,930648611
A121;Si;25/09/2024;DCIM/etiquetasarboles_20240925102515474.jpg;Sector iz;Operador1;-72,5154775;7,930567778
A122,A,B;Si;25/09/2024;DCIM/etiquetasarboles_20240925103054297.jpg;Sector iz;Operador1;-72,51552361;7,930578611
A123;Si;25/09/2024;DCIM/etiquetasarboles_20240925103248786.jpg;Sector iz;Operador1;-72,51552139;7,930529167
A124;Si;25/09/2024;DCIM/etiquetasarboles_20240925103653180.jpg;Sector iz;Operador1;-72,51556972;7,930581944
A125;Si;25/09/2024;DCIM/etiquetasarboles_20240925110310524.jpg;Sector iz;Operador1;-72,51509778;7,930031667
A126;Si;25/09/2024;DCIM/etiquetasarboles_20240925111046129.jpg;Sector iz;Operador1;-72,5149875;7,930022778
A127,A,B;Si;25/09/2024;DCIM/etiquetasarboles_20240925111633362.jpg;Sector iz;Operador1;-72,51466583;7,930032222
A128,A,B,C;Si;25/09/2024;DCIM/etiquetasarboles_20240925112229351.jpg;Sector iz;Operador1;-72,51447056;7,930035556
A129;Si;25/09/2024;DCIM/etiquetasarboles_20240925112601922.jpg;Sector iz;Operador1;-72,51450583;7,930077778
A130;Si;25/09/2024;DCIM/etiquetasarboles_20240925113042615.jpg;Sector iz;Operador1;-72,5141675;7,930014167
A131;Si;25/09/2024;DCIM/etiquetasarboles_20240925114942030.jpg;Sector iz;Operador1;-72,51469361;7,929646944
A132;Si;25/09/2024;DCIM/etiquetasarboles_20240925115533408.jpg;Sector iz;Operador1;-72,51463028;7,929503889
A133;Si;25/09/2024;DCIM/etiquetasarboles_20240925120235891.jpg;Sector iz;Operador1;-72,51490056;7,929408611
A134,A;Si;25/09/2024;DCIM/etiquetasarboles_20240925120711280.jpg;Sector iz;Operador1;-72,51498556;7,929409167
A135;Si;25/09/2024;DCIM/etiquetasarboles_20240925121028046.jpg;Sector iz;Operador1;-72,51502528;7,92928
A136,A;Si;25/09/2024;DCIM/etiquetasarboles_20240925121332602.jpg;Sector iz;Operador1;-72,51509056;7,929588889
A137;Si;25/09/2024;DCIM/etiquetasarboles_20240925121558553.jpg;Sector iz;Operador1;-72,5152325;7,929580556
A138;Si;25/09/2024;DCIM/etiquetasarboles_20240925122331621.jpg;Sector iz;Operador1;-72,51531444;7,9293
A139;Si;25/09/2024;DCIM/etiquetasarboles_20240925122357600.jpg;Sector iz;Operador1;-72,51532278;7,929300278
A140;Si;25/09/2024;DCIM/etiquetasarboles_20240925122939109.jpg;Sector iz;Operador1;-72,51564583;7,929348333
A141;Si;25/09/2024;DCIM/etiquetasarboles_20240925123329812.jpg;Sector iz;Operador1;-72,51579222;7,929526389
A142,A;Si;25/09/2024;DCIM/etiquetasarboles_20240925133948771.jpg;Sector iz;Operador1;-72,51580056;7,927046111
A143,A;Si;25/09/2024;DCIM/etiquetasarboles_20240925134018385.jpg;Sector iz;Operador1;-72,51581083;7,927053889
A144,A;Si;25/09/2024;DCIM/etiquetasarboles_20240925135337382.jpg;Sector iz;Operador1;-72,51497639;7,927509722
A145;Si;25/09/2024;DCIM/etiquetasarboles_20240925135647465.jpg;Sector iz;Operador1;-72,51494639;7,927679722
A146,A,B,C;Si;25/09/2024;DCIM/etiquetasarboles_20240925140004524.jpg;Sector iz;Operador1;-72,51475417;7,927723889
A147;Si;25/09/2024;DCIM/etiquetasarboles_20240925140206947.jpg;Sector iz;Operador1;-72,51473194;7,927805556
A148,A,B;Si;25/09/2024;DCIM/etiquetasarboles_20240925140358464.jpg;Sector iz;Operador1;-72,51471056;7,927846667
A149,A;Si;25/09/2024;DCIM/etiquetasarboles_20240925140822602.jpg;Sector iz;Operador1;-72,5144175;7,927956667
A150,A;Si;25/09/2024;DCIM/etiquetasarboles_20240925140903699.jpg;Sector iz;Operador1;-72,51441056;7,927932222
A151;Si;25/09/2024;DCIM/etiquetasarboles_20240925140932589.jpg;Sector iz;Operador1;-72,51441833;7,927939167
A152;Si;25/09/2024;DCIM/etiquetasarboles_20240925141001517.jpg;Sector iz;Operador1;-72,51443111;7,927946111
A143;Si;25/09/2024;DCIM/etiquetasarboles_20240925141619867.jpg;Sector iz;Operador1;-72,51442278;7,928132222
A154;Si;25/09/2024;DCIM/etiquetasarboles_20240925143033514.jpg;Sector iz;Operador1;-72,51404056;7,9279925
A155;Si;25/09/2024;DCIM/etiquetasarboles_20240925143231945.jpg;Sector iz;Operador1;-72,51414444;7,927958889
A156,A,B,C,E;Si;25/09/2024;DCIM/etiquetasarboles_20240925143918957.jpg;Sector iz;Operador1;-72,5142625;7,927801389
A157;Si;25/09/2024;DCIM/etiquetasarboles_20240925144243995.jpg;Sector iz;Operador1;-72,51435972;7,927890278
A158;Si;25/09/2024;DCIM/etiquetasarboles_20240925144745584.jpg;Sector iz;Operador1;-72,51432361;7,927696944
A159;Si;25/09/2024;DCIM/etiquetasarboles_20240925145638826.jpg;Sector iz;Operador1;-72,51389278;7,927715278
A160;Si;25/09/2024;DCIM/etiquetasarboles_20240925150359812.jpg;Sector iz;Operador1;-72,51356194;7,927646944
A161;Si;25/09/2024;DCIM/etiquetasarboles_20240925150908607.jpg;Sector iz;Operador1;-72,51341167;7,927629167
A162;Si;25/09/2024;DCIM/etiquetasarboles_20240925151220194.jpg;Sector iz;Operador1;-72,51340417;7,92768
A163;Si;25/09/2024;DCIM/etiquetasarboles_20240925151444738.jpg;Sector iz;Operador1;-72,51342194;7,927713333
A164,A,B,C;Si;25/09/2024;DCIM/etiquetasarboles_20240925152312903.jpg;Sector iz;Operador1;-72,51322167;7,927571389
A165,A,B;Si;25/09/2024;DCIM/etiquetasarboles_20240925152501049.jpg;Sector iz;Operador1;-72,51324444;7,927538889
A166,A,B;Si;25/09/2024;DCIM/etiquetasarboles_20240925153036801.jpg;Sector iz;Operador1;-72,51334194;7,927706389
A167A,B;Si;25/09/2024;DCIM/etiquetasarboles_20240925153405643.jpg;Sector iz;Operador1;-72,51334917;7,927844722
A168,A,B,C,D;Si;25/09/2024;DCIM/etiquetasarboles_20240925154122092.jpg;Sector iz;Operador1;-72,51306694;7,928072778
A169,A,B,C,D;Si;25/09/2024;DCIM/etiquetasarboles_20240925154642174.jpg;Sector iz;Operador1;-72,51303111;7,928089444
A170,A,B,C;Si;25/09/2024;DCIM/etiquetasarboles_20240925154940360.jpg;Sector iz;Operador1;-72,5130125;7,928081111
A171;Si;26/09/2024;DCIM/etiquetasarboles_20240926093039516.jpg;Sector iz;Operador1;-72,51528528;7,9264425
A173;Si;26/09/2024;DCIM/etiquetasarboles_20240926094725949.jpg;Sector iz;Operador1;-72,51491028;7,926419722
A174;Si;26/09/2024;DCIM/etiquetasarboles_20240926095335299.jpg;Sector iz;Operador1;-72,51465;7,926637222
A175,A;Si;26/09/2024;DCIM/etiquetasarboles_20240926095559869.jpg;Sector iz;Operador1;-72,51449;7,926574722
A176,A;Si;26/09/2024;DCIM/etiquetasarboles_20240926100528363.jpg;Sector iz;Operador1;-72,51465222;7,927162778
A177;Si;26/09/2024;DCIM/etiquetasarboles_20240926101257927.jpg;Sector iz;Operador1;-72,51445222;7,927177222
A178;Si;26/09/2024;DCIM/etiquetasarboles_20240926102341658.jpg;Sector iz;Operador1;-72,51387722;7,927307222
A179,A,B,C;Si;26/09/2024;DCIM/etiquetasarboles_20240926105011700.jpg;Sector iz;Operador1;-72,51323806;7,924908611
A180,A,B,C;Si;26/09/2024;DCIM/etiquetasarboles_20240926110454128.jpg;Sector iz;Operador1;-72,5136325;7,924305278
A181;Si;26/09/2024;DCIM/etiquetasarboles_20240926111254517.jpg;Sector iz;Operador1;-72,51374111;7,923689722
A182,A,B,C;Si;26/09/2024;DCIM/etiquetasarboles_20240926111914801.jpg;Sector iz;Operador1;-72,51408861;7,923618056
A183;Si;26/09/2024;DCIM/etiquetasarboles_20240926113051610.jpg;Sector iz;Operador1;-72,51425389;7,923806111
A184,A;Si;26/09/2024;DCIM/etiquetasarboles_20240926113925816.jpg;Sector iz;Operador1;-72,51438611;7,923845556
A185;Si;26/09/2024;DCIM/etiquetasarboles_20240926114113532.jpg;Sector iz;Operador1;-72,51440667;7,923919444
A186;Si;26/09/2024;DCIM/etiquetasarboles_20240926114316561.jpg;Sector iz;Operador1;-72,51441667;7,923877222
A187;Si;26/09/2024;DCIM/etiquetasarboles_20240926114538181.jpg;Sector iz;Operador1;-72,51439944;7,923826944
A188;Si;26/09/2024;DCIM/etiquetasarboles_20240926114653114.jpg;Sector iz;Operador1;-72,51438667;7,923854167
A189;Si;26/09/2024;DCIM/etiquetasarboles_20240926115313992.jpg;Sector iz;Operador1;-72,51447056;7,923820278
A190,A,B;Si;26/09/2024;DCIM/etiquetasarboles_20240926121237635.jpg;Sector iz;Operador1;-72,51465528;7,923695
A191,A,B;Si;26/09/2024;DCIM/etiquetasarboles_20240926135436975.jpg;Sector iz;Operador1;-72,51551306;7,925069722
A192;Si;26/09/2024;DCIM/etiquetasarboles_20240926135605254.jpg;Sector iz;Operador1;-72,51548833;7,925017778
A193;Si;26/09/2024;DCIM/etiquetasarboles_20240926135643958.jpg;Sector iz;Operador1;-72,51544861;7,925030556
A194;Si;26/09/2024;DCIM/etiquetasarboles_20240926135800004.jpg;Sector iz;Operador1;-72,51543889;7,925075
A195;Si;26/09/2024;DCIM/etiquetasarboles_20240926135854741.jpg;Sector iz;Operador1;-72,51541361;7,925037222
A196;Si;26/09/2024;DCIM/etiquetasarboles_20240926135927600.jpg;Sector iz;Operador1;-72,51541;7,925018611
A197,A,B;Si;26/09/2024;DCIM/etiquetasarboles_20240926140107841.jpg;Sector iz;Operador1;-72,51542167;7,925067778
A198,A,B;Si;26/09/2024;DCIM/etiquetasarboles_20240926140211701.jpg;Sector iz;Operador1;-72,51539917;7,925071667
A199;Si;26/09/2024;DCIM/etiquetasarboles_20240926140512521.jpg;Sector iz;Operador1;-72,51535056;7,924975278
A300A,B,C;Si;26/09/2024;DCIM/etiquetasarboles_20240926140622145.jpg;Sector iz;Operador1;-72,51532139;7,924978611
A301;Si;26/09/2024;DCIM/etiquetasarboles_20240926140736549.jpg;Sector iz;Operador1;-72,51532444;7,924962222
A302;Si;26/09/2024;DCIM/etiquetasarboles_20240926140803440.jpg;Sector iz;Operador1;-72,51533278;7,924960278
A303;Si;26/09/2024;DCIM/etiquetasarboles_20240926140847069.jpg;Sector iz;Operador1;-72,5153875;7,92492
A304;Si;26/09/2024;DCIM/etiquetasarboles_20240926141000032.jpg;Sector iz;Operador1;-72,5153675;7,924971667
A305,A;Si;26/09/2024;DCIM/etiquetasarboles_20240926141103199.jpg;Sector iz;Operador1;-72,51537944;7,924942222
A306;Si;26/09/2024;DCIM/etiquetasarboles_20240926141215944.jpg;Sector iz;Operador1;-72,51539722;7,924919722
A307;Si;26/09/2024;DCIM/etiquetasarboles_20240926141316422.jpg;Sector iz;Operador1;-72,51540694;7,924876389
A308,A;Si;26/09/2024;DCIM/etiquetasarboles_20240926141353103.jpg;Sector iz;Operador1;-72,515365;7,924831111
A309,A;Si;26/09/2024;DCIM/etiquetasarboles_20240926141510583.jpg;Sector iz;Operador1;-72,51542361;7,924928333
A310;Si;26/09/2024;DCIM/etiquetasarboles_20240926141550038.jpg;Sector iz;Operador1;-72,51541889;7,924905278
A311;Si;26/09/2024;DCIM/etiquetasarboles_20240926141607545.jpg;Sector iz;Operador1;-72,51546806;7,9249175
A312;Si;26/09/2024;DCIM/etiquetasarboles_20240926141650644.jpg;Sector iz;Operador1;-72,51545972;7,924891944
A313;Si;26/09/2024;DCIM/etiquetasarboles_20240926141716018.jpg;Sector iz;Operador1;-72,51547472;7,924912222
A314;Si;26/09/2024;DCIM/etiquetasarboles_20240926141738111.jpg;Sector iz;Operador1;-72,51549972;7,924915
A315;Si;26/09/2024;DCIM/etiquetasarboles_20240926141822400.jpg;Sector iz;Operador1;-72,51545861;7,924909167
A316;Si;26/09/2024;DCIM/etiquetasarboles_20240926141929740.jpg;Sector iz;Operador1;-72,51545917;7,924883333
A317;Si;26/09/2024;DCIM/etiquetasarboles_20240926142000926.jpg;Sector iz;Operador1;-72,51544917;7,924875278
A318,A,B,C,D;Si;26/09/2024;DCIM/etiquetasarboles_20240926142219447.jpg;Sector iz;Operador1;-72,51546139;7,924849167
A319,A;Si;26/09/2024;DCIM/etiquetasarboles_20240926142429987.jpg;Sector iz;Operador1;-72,51544667;7,924845
A320;Si;26/09/2024;DCIM/etiquetasarboles_20240926142631589.jpg;Sector iz;Operador1;-72,51539444;7,924784167
A321;Si;26/09/2024;DCIM/etiquetasarboles_20240926142902298.jpg;Sector iz;Operador1;-72,51543889;7,924741389
A322,A,B,C;Si;26/09/2024;DCIM/etiquetasarboles_20240926143434733.jpg;Sector iz;Operador1;-72,51512361;7,922181667
A323;Si;26/09/2024;DCIM/etiquetasarboles_20240926143600553.jpg;Sector iz;Operador1;-72,5151225;7,922171389
A324,A,B;Si;26/09/2024;DCIM/etiquetasarboles_20240926143645874.jpg;Sector iz;Operador1;-72,51508889;7,922106944
A325,A,B;Si;26/09/2024;DCIM/etiquetasarboles_20240926143927489.jpg;Sector iz;Operador1;-72,51502083;7,921983611
A326;Si;26/09/2024;DCIM/etiquetasarboles_20240926144022261.jpg;Sector iz;Operador1;-72,515055;7,921873611
A327;Si;26/09/2024;DCIM/etiquetasarboles_20240926144915752.jpg;Sector iz;Operador2;-72,51482028;7,920713333
A328,A,B;Si;26/09/2024;DCIM/etiquetasarboles_20240926145836576.jpg;Sector iz;Operador2;-72,51479833;7,920708056
A329,A,B,C;Si;26/09/2024;DCIM/etiquetasarboles_20240926145924635.jpg;Sector iz;Operador2;-72,51466139;7,920541389
A330,A,B,C;Si;26/09/2024;DCIM/etiquetasarboles_20240926150233923.jpg;Sector iz;Operador2;-72,51462917;7,920892222
A331;Si;26/09/2024;DCIM/etiquetasarboles_20240926150314651.jpg;Sector iz;Operador2;-72,51462833;7,920901944
A332;Si;26/09/2024;DCIM/etiquetasarboles_20240926150347431.jpg;Sector iz;Operador2;-72,51461056;7,920936944
A333;Si;26/09/2024;DCIM/etiquetasarboles_20240926150530601.jpg;Sector iz;Operador2;-72,51452917;7,920955833
A334;Si;27/09/2024;DCIM/etiquetasarboles_20240927092913686.jpg;Sector iz;Operador2;-72,51520417;7,919488333
A335;Si;27/09/2024;DCIM/etiquetasarboles_20240927092955845.jpg;Sector iz;Operador2;-72,51521306;7,919485833
A337;Si;27/09/2024;DCIM/etiquetasarboles_20240927093129561.jpg;Sector iz;Operador2;-72,51519306;7,919436944
A336;Si;27/09/2024;DCIM/etiquetasarboles_20240927093217013.jpg;Sector iz;Operador2;-72,51521778;7,919302222
A338;Si;27/09/2024;DCIM/etiquetasarboles_20240927093526106.jpg;Sector iz;Operador2;-72,51533;7,919045278
A339;Si;27/09/2024;DCIM/etiquetasarboles_20240927093602650.jpg;Sector iz;Operador2;-72,51536417;7,918953611
A340, A, B;Si;27/09/2024;DCIM/etiquetasarboles_20240927093946848.jpg;Sector iz;Operador2;-72,51567222;7,918313611
A341, A,B,C, D, E;Si;27/09/2024;DCIM/etiquetasarboles_20240927094055666.jpg;Sector iz;Operador2;-72,51563583;7,918117222
A342;Si;27/09/2024;DCIM/etiquetasarboles_20240927094206680.jpg;Sector iz;Operador2;-72,5153225;7,918289444
A343;Si;27/09/2024;DCIM/etiquetasarboles_20240927094406088.jpg;Sector iz;Operador2;-72,515555;7,918179167
A345;Si;27/09/2024;DCIM/etiquetasarboles_20240927100134888.jpg;Sector iz;Operador2;-72,51636833;7,916569722
A344;Si;27/09/2024;DCIM/etiquetasarboles_20240927100156138.jpg;Sector iz;Operador2;-72,51635917;7,916581944
A346;Si;27/09/2024;DCIM/etiquetasarboles_20240927100408679.jpg;Sector iz;Operador2;-72,51594056;7,9163425
A347;Si;27/09/2024;DCIM/etiquetasarboles_20240927100430563.jpg;Sector iz;Operador2;-72,51591694;7,916337778
A348;Si;27/09/2024;DCIM/etiquetasarboles_20240927100532680.jpg;Sector iz;Operador2;-72,51563611;7,916264444
A349;Si;27/09/2024;DCIM/etiquetasarboles_20240927100555844.jpg;Sector iz;Operador2;-72,51564139;7,916218889
A350;Si;27/09/2024;DCIM/etiquetasarboles_20240927100710474.jpg;Sector iz;Operador2;-72,51568556;7,916245278
A351;Si;27/09/2024;DCIM/etiquetasarboles_20240927100748136.jpg;Sector iz;Operador2;-72,51556861;7,916211111
A352, A, B;Si;27/09/2024;DCIM/etiquetasarboles_20240927100811533.jpg;Sector iz;Operador2;-72,51560972;7,916238056
A353, A, B, C;Si;27/09/2024;DCIM/etiquetasarboles_20240927100951455.jpg;Sector iz;Operador2;-72,51539278;7,916143056
A354;Si;27/09/2024;DCIM/etiquetasarboles_20240927101027415.jpg;Sector iz;Operador2;-72,51529139;7,916129167
A355;Si;27/09/2024;DCIM/etiquetasarboles_20240927101122601.jpg;Sector iz;Operador2;-72,51526806;7,916115833
A356;Si;27/09/2024;DCIM/etiquetasarboles_20240927101141906.jpg;Sector iz;Operador2;-72,51524056;7,916096667
A357;Si;27/09/2024;DCIM/etiquetasarboles_20240927101311964.jpg;Sector iz;Operador2;-72,51494667;7,916055278
A358;Si;27/09/2024;DCIM/etiquetasarboles_20240927101537122.jpg;Sector iz;Operador2;-72,51466056;7,915999167
A359, A;Si;27/09/2024;DCIM/etiquetasarboles_20240927101655882.jpg;Sector iz;Operador2;-72,51434056;7,916010278
A360, A, B, C, D.;Si;27/09/2024;DCIM/etiquetasarboles_20240927101846960.jpg;Sector iz;Operador2;-72,51431389;7,916056944
A361, A, B, C;Si;27/09/2024;DCIM/etiquetasarboles_20240927102110938.jpg;Sector iz;Operador2;-72,5142425;7,916082222
A362, A, B, C;Si;27/09/2024;DCIM/etiquetasarboles_20240927102242096.jpg;Sector iz;Operador2;-72,51422806;7,916070833
A363, A;Si;27/09/2024;DCIM/etiquetasarboles_20240927102523812.jpg;Sector iz;Operador2;-72,51420944;7,916119444
A364, A;Si;27/09/2024;DCIM/etiquetasarboles_20240927102616525.jpg;Sector iz;Operador2;-72,51424222;7,916134444
A365;Si;27/09/2024;DCIM/etiquetasarboles_20240927105659196.jpg;Sector iz;Operador2;-72,51366361;7,917919722
A366;Si;27/09/2024;DCIM/etiquetasarboles_20240927110303917.jpg;Sector iz;Operador2;-72,51210722;7,919654167
A367;Si;27/09/2024;DCIM/etiquetasarboles_20240927110336954.jpg;Sector iz;Operador2;-72,51213778;7,919683611
A368;Si;27/09/2024;DCIM/etiquetasarboles_20240927110509460.jpg;Sector iz;Operador2;-72,51203;7,919665833
A369, A, B.;Si;27/09/2024;DCIM/etiquetasarboles_20240927111829432.jpg;Sector iz;Operador2;-72,50874778;7,921252778
A370, A;Si;27/09/2024;DCIM/etiquetasarboles_20240927111927875.jpg;Sector iz;Operador2;-72,50874889;7,921193611
A371;Si;27/09/2024;DCIM/etiquetasarboles_20240927111951142.jpg;Sector iz;Operador2;-72,50867778;7,921180278
A372;Si;27/09/2024;DCIM/etiquetasarboles_20240927112020837.jpg;Sector iz;Operador2;-72,50866917;7,921215556
A374;Si;27/09/2024;DCIM/etiquetasarboles_20240927112842404.jpg;Sector iz;Operador2;-72,5090675;7,921780556
A373, A, B, C, D, E.;Si;27/09/2024;DCIM/etiquetasarboles_20240927112921920.jpg;Sector iz;Operador2;-72,50905611;7,921826667
A375, A;Si;27/09/2024;DCIM/etiquetasarboles_20240927113455253.jpg;Sector iz;Operador2;-72,50933083;7,921768611
A376;Si;27/09/2024;DCIM/etiquetasarboles_20240927113607778.jpg;Sector iz;Operador2;-72,50926583;7,9216825
A378, A;Si;27/09/2024;DCIM/etiquetasarboles_20240927113922627.jpg;Sector iz;Operador2;-72,50929694;7,921643889
A379;Si;27/09/2024;DCIM/etiquetasarboles_20240927114050332.jpg;Sector iz;Operador2;-72,50930361;7,921649444
A380, A;Si;27/09/2024;DCIM/etiquetasarboles_20240927114316449.jpg;Sector iz;Operador2;-72,50930806;7,9218425
A381;Si;27/09/2024;DCIM/etiquetasarboles_20240927114952063.jpg;Sector iz;Operador2;-72,51000278;7,923222222
A383;Si;27/09/2024;DCIM/etiquetasarboles_20240927115403994.jpg;Sector iz;Operador2;-72,51012528;7,923006667
A382;Si;27/09/2024;DCIM/etiquetasarboles_20240927115432387.jpg;Sector iz;Operador2;-72,51009611;7,922961389
A384, A;Si;27/09/2024;DCIM/etiquetasarboles_20240927115945245.jpg;Sector iz;Operador2;-72,51031417;7,923526111
A385;Si;27/09/2024;DCIM/etiquetasarboles_20240927120018782.jpg;Sector iz;Operador2;-72,51032778;7,923492778
A386;Si;27/09/2024;DCIM/etiquetasarboles_20240927120039685.jpg;Sector iz;Operador2;-72,51031444;7,923465833
A387;Si;27/09/2024;DCIM/etiquetasarboles_20240927141647498.jpg;Sector iz;Operador2;-72,50780056;7,921121111
A388, A;Si;27/09/2024;DCIM/etiquetasarboles_20240927142035176.jpg;Tierra_Ent_Aero;Operador2;-72,50714778;7,921971667
A389;Si;27/09/2024;DCIM/etiquetasarboles_20240927142059244.jpg;Tierra_Ent_Aero;Operador2;-72,507175;7,922014167
A390;Si;27/09/2024;DCIM/etiquetasarboles_20240927142319335.jpg;Tierra_Ent_Aero;Operador2;-72,50734639;7,922568333
A391, A, B, C.;Si;27/09/2024;DCIM/etiquetasarboles_20240927142438081.jpg;Tierra_Ent_Aero;Operador2;-72,50736389;7,922810278
A392, A.;Si;27/09/2024;DCIM/etiquetasarboles_20240927142610201.jpg;Tierra_Ent_Aero;Operador2;-72,50739917;7,922813333
A393;Si;27/09/2024;DCIM/etiquetasarboles_20240927142646546.jpg;Tierra_Ent_Aero;Operador2;-72,50738778;7,922804167
A394;Si;27/09/2024;DCIM/etiquetasarboles_20240927142718718.jpg;Tierra_Ent_Aero;Operador2;-72,50740028;7,922814722
A395;Si;27/09/2024;DCIM/etiquetasarboles_20240927142821644.jpg;Tierra_Ent_Aero;Operador2;-72,5074275;7,922918611
A397;Si;27/09/2024;DCIM/etiquetasarboles_20240927143122811.jpg;Tierra_Ent_Aero;Operador2;-72,50744083;7,923199167
A396, A, B, C, D.;Si;27/09/2024;DCIM/etiquetasarboles_20240927143252677.jpg;Tierra_Ent_Aero;Operador2;-72,50741917;7,923196389
A398;Si;27/09/2024;DCIM/etiquetasarboles_20240927143341985.jpg;Tierra_Ent_Aero;Operador2;-72,5074825;7,9231225
399;Si;27/09/2024;DCIM/etiquetasarboles_20240927143415770.jpg;Tierra_Ent_Aero;Operador2;-72,50753417;7,923099722
A400;Si;27/09/2024;DCIM/etiquetasarboles_20240927143450505.jpg;Tierra_Ent_Aero;Operador2;-72,50744722;7,923151944
A401, A;Si;27/09/2024;DCIM/etiquetasarboles_20240927143621709.jpg;Tierra_Ent_Aero;Operador2;-72,50739389;7,923262778
A402, A, B, C.;Si;27/09/2024;DCIM/etiquetasarboles_20240927143701653.jpg;Tierra_Ent_Aero;Operador2;-72,5073975;7,923298333
A403;Si;27/09/2024;DCIM/etiquetasarboles_20240927143816811.jpg;Tierra_Ent_Aero;Operador2;-72,50737278;7,923311667
A404, A;Si;27/09/2024;DCIM/etiquetasarboles_20240927143926298.jpg;Tierra_Ent_Aero;Operador2;-72,5073875;7,923414167
A405, A, B, C;Si;27/09/2024;DCIM/etiquetasarboles_20240927144043750.jpg;Tierra_Ent_Aero;Operador2;-72,50743194;7,923481389
A406, A;Si;27/09/2024;DCIM/etiquetasarboles_20240927144117287.jpg;Tierra_Ent_Aero;Operador2;-72,50745639;7,923475
A407, A;Si;27/09/2024;DCIM/etiquetasarboles_20240927144421501.jpg;Tierra_Ent_Aero;Operador2;-72,50745611;7,923423611
A408;Si;27/09/2024;DCIM/etiquetasarboles_20240927144533767.jpg;Tierra_Ent_Aero;Operador2;-72,50762583;7,923365833
A409;Si;27/09/2024;DCIM/etiquetasarboles_20240927144724007.jpg;Tierra_Ent_Aero;Operador2;-72,50761361;7,923348889
A411;Si;27/09/2024;DCIM/etiquetasarboles_20240927144836168.jpg;Tierra_Ent_Aero;Operador2;-72,5076275;7,923448056
A410, A, B.;Si;27/09/2024;DCIM/etiquetasarboles_20240927144927419.jpg;Tierra_Ent_Aero;Operador2;-72,50759083;7,923531944
A412, A, B, C, D.;Si;27/09/2024;DCIM/etiquetasarboles_20240927145151608.jpg;Tierra_Ent_Aero;Operador2;-72,50765361;7,923458333
A427;Si;27/09/2024;DCIM/etiquetasarboles_20240927151046005.jpg;Tierra_Ent_Aero;Operador2;-72,5074275;7,923974444
A429;Si;27/09/2024;DCIM/etiquetasarboles_20240927151114512.jpg;Tierra_Ent_Aero;Operador2;-72,50748639;7,923980556
A428;Si;27/09/2024;DCIM/etiquetasarboles_20240927151234258.jpg;Tierra_Ent_Aero;Operador2;-72,50755083;7,923761944
A431;Si;27/09/2024;DCIM/etiquetasarboles_20240927151307365.jpg;Tierra_Ent_Aero;Operador2;-72,50759278;7,923719167
A432;Si;27/09/2024;DCIM/etiquetasarboles_20240927151337227.jpg;Tierra_Ent_Aero;Operador2;-72,50756111;7,923771667
A430;Si;27/09/2024;DCIM/etiquetasarboles_20240927151452265.jpg;Tierra_Ent_Aero;Operador2;-72,50743028;7,924063333
A433, A, B, C.;Si;27/09/2024;DCIM/etiquetasarboles_20240927151936945.jpg;Tierra_Ent_Aero;Operador2;-72,5080125;7,923871944
A434;Si;27/09/2024;DCIM/etiquetasarboles_20240927152152748.jpg;Tierra_Ent_Aero;Operador2;-72,50744139;7,923881389
A435;Si;27/09/2024;DCIM/etiquetasarboles_20240927152608658.jpg;Tierra_Ent_Aero;Operador2;-72,50741333;7,923870556
A436;Si;27/09/2024;DCIM/etiquetasarboles_20240927152642492.jpg;Tierra_Ent_Aero;Operador2;-72,50741972;7,923844722
A437;Si;27/09/2024;DCIM/etiquetasarboles_20240927152657034.jpg;Tierra_Ent_Aero;Operador2;-72,50739694;7,923846667
A438;Si;27/09/2024;DCIM/etiquetasarboles_20240927152721730.jpg;Tierra_Ent_Aero;Operador2;-72,50739167;7,92377
